[
  {
    "Constant" : [

    ],
    "submodules" : [

    ],
    "Function" : [

    ],
    "Variable" : [
      {
        "desc" : "key to abort, default to {keyNone, 'escape'}",
        "doc" : "key to abort, default to {keyNone, 'escape'}",
        "def" : "RecursiveBinder.escapeKey",
        "stripped_doc" : [
          "key to abort, default to {keyNone, 'escape'}"
        ],
        "notes" : [

        ],
        "signature" : "RecursiveBinder.escapeKey",
        "type" : "Variable",
        "returns" : [

        ],
        "name" : "escapeKey",
        "parameters" : [

        ]
      },
      {
        "desc" : "Number of entries each line of helper. Default to 5.",
        "doc" : "Number of entries each line of helper. Default to 5.",
        "def" : "RecursiveBinder.helperEntryEachLine",
        "stripped_doc" : [
          "Number of entries each line of helper. Default to 5."
        ],
        "notes" : [

        ],
        "signature" : "RecursiveBinder.helperEntryEachLine",
        "type" : "Variable",
        "returns" : [

        ],
        "name" : "helperEntryEachLine",
        "parameters" : [

        ]
      },
      {
        "desc" : "Length of each entry in char. Default to 20.",
        "doc" : "Length of each entry in char. Default to 20.",
        "def" : "RecursiveBinder.helperEntryLengthInChar",
        "stripped_doc" : [
          "Length of each entry in char. Default to 20."
        ],
        "notes" : [

        ],
        "signature" : "RecursiveBinder.helperEntryLengthInChar",
        "type" : "Variable",
        "returns" : [

        ],
        "name" : "helperEntryLengthInChar",
        "parameters" : [

        ]
      },
      {
        "desc" : "format of helper, the helper is just a hs.alert",
        "doc" : "format of helper, the helper is just a hs.alert\ndefault to {atScreenEdge=2,\n            strokeColor={ white = 0, alpha = 2 },\n            textFont='SF Mono'\n            textSize=20}",
        "def" : "RecursiveBinder.helperFormat",
        "stripped_doc" : [
          "format of helper, the helper is just a hs.alert",
          "default to {atScreenEdge=2,",
          "            strokeColor={ white = 0, alpha = 2 },",
          "            textFont='SF Mono'",
          "            textSize=20}"
        ],
        "notes" : [

        ],
        "signature" : "RecursiveBinder.helperFormat",
        "type" : "Variable",
        "returns" : [

        ],
        "name" : "helperFormat",
        "parameters" : [

        ]
      },
      {
        "desc" : "whether to show helper, can be true of false",
        "doc" : "whether to show helper, can be true of false",
        "def" : "RecursiveBinder.showBindHelper()",
        "stripped_doc" : [
          "whether to show helper, can be true of false"
        ],
        "notes" : [

        ],
        "signature" : "RecursiveBinder.showBindHelper()",
        "type" : "Variable",
        "returns" : [

        ],
        "name" : "showBindHelper",
        "parameters" : [

        ]
      },
      {
        "desc" : "The mapping used to display modifiers on helper.",
        "doc" : "The mapping used to display modifiers on helper.\nDefault to {\n command = '⌘',\n control = '⌃',\n option = '⌥',\n shift = '⇧',\n}",
        "def" : "RecursiveBinder.helperModifierMapping()",
        "stripped_doc" : [
          "The mapping used to display modifiers on helper.",
          "Default to {",
          " command = '⌘',",
          " control = '⌃',",
          " option = '⌥',",
          " shift = '⇧',",
          "}"
        ],
        "notes" : [

        ],
        "signature" : "RecursiveBinder.helperModifierMapping()",
        "type" : "Variable",
        "returns" : [

        ],
        "name" : "helperModifierMapping",
        "parameters" : [

        ]
      }
    ],
    "stripped_doc" : [

    ],
    "desc" : "A spoon that let you bind sequential bindings.",
    "Deprecated" : [

    ],
    "type" : "Module",
    "Constructor" : [

    ],
    "doc" : "A spoon that let you bind sequential bindings.\nIt also (optionally) shows a bar about current keys bindings.\n\n[Click to download](https:\/\/github.com\/Hammerspoon\/Spoons\/raw\/master\/Spoons\/RecursiveBinder.spoon.zip)",
    "Field" : [

    ],
    "Command" : [

    ],
    "Method" : [
      {
        "desc" : "this function simply return a table with empty modifiers",
        "doc" : "this function simply return a table with empty modifiers\nalso it translates capital letters to normal letter with shift modifer\n\nParameters:\n * key - a letter\n * name - the description to pass to the keys binding function\n\nReturns:\n * a table of modifiers and keys and names, ready to be used in keymap\n   to pass to RecursiveBinder.recursiveBind()",
        "def" : "RecursiveBinder.singleKey(key, name)",
        "stripped_doc" : [
          "this function simply return a table with empty modifiers",
          "also it translates capital letters to normal letter with shift modifer",
          ""
        ],
        "notes" : [

        ],
        "signature" : "RecursiveBinder.singleKey(key, name)",
        "type" : "Method",
        "returns" : [
          " * a table of modifiers and keys and names, ready to be used in keymap",
          "   to pass to RecursiveBinder.recursiveBind()"
        ],
        "name" : "singleKey",
        "parameters" : [
          " * key - a letter",
          " * name - the description to pass to the keys binding function",
          ""
        ]
      },
      {
        "desc" : "Bind sequential keys by a nested keymap.",
        "doc" : "Bind sequential keys by a nested keymap.\n\nParameters:\n * keymap - A table that specifies the mapping.\n\nReturns:\n * A function to start. Bind it to a initial key binding.\n\nNote:\nSpec of keymap:\nEvery key is of format {{modifers}, key, (optional) description}\nThe first two element is what you usually pass into a hs.hotkey.bind() function.\n\nEach value of key can be in two form:\n1. A function. Then pressing the key invokes the function\n2. A table. Then pressing the key bring to another layer of keybindings.\n   And the table have the same format of top table: keys to keys, value to table or function",
        "def" : "RecursiveBinder.recursiveBind(keymap)",
        "stripped_doc" : [
          "Bind sequential keys by a nested keymap.",
          ""
        ],
        "notes" : [

        ],
        "signature" : "RecursiveBinder.recursiveBind(keymap)",
        "type" : "Method",
        "returns" : [
          " * A function to start. Bind it to a initial key binding.",
          "",
          "Note:",
          "Spec of keymap:",
          "Every key is of format {{modifers}, key, (optional) description}",
          "The first two element is what you usually pass into a hs.hotkey.bind() function.",
          "",
          "Each value of key can be in two form:",
          "1. A function. Then pressing the key invokes the function",
          "2. A table. Then pressing the key bring to another layer of keybindings.",
          "   And the table have the same format of top table: keys to keys, value to table or function"
        ],
        "name" : "recursiveBind",
        "parameters" : [
          " * keymap - A table that specifies the mapping.",
          ""
        ]
      }
    ],
    "items" : [
      {
        "desc" : "key to abort, default to {keyNone, 'escape'}",
        "doc" : "key to abort, default to {keyNone, 'escape'}",
        "def" : "RecursiveBinder.escapeKey",
        "stripped_doc" : [
          "key to abort, default to {keyNone, 'escape'}"
        ],
        "notes" : [

        ],
        "signature" : "RecursiveBinder.escapeKey",
        "type" : "Variable",
        "returns" : [

        ],
        "name" : "escapeKey",
        "parameters" : [

        ]
      },
      {
        "desc" : "Number of entries each line of helper. Default to 5.",
        "doc" : "Number of entries each line of helper. Default to 5.",
        "def" : "RecursiveBinder.helperEntryEachLine",
        "stripped_doc" : [
          "Number of entries each line of helper. Default to 5."
        ],
        "notes" : [

        ],
        "signature" : "RecursiveBinder.helperEntryEachLine",
        "type" : "Variable",
        "returns" : [

        ],
        "name" : "helperEntryEachLine",
        "parameters" : [

        ]
      },
      {
        "desc" : "Length of each entry in char. Default to 20.",
        "doc" : "Length of each entry in char. Default to 20.",
        "def" : "RecursiveBinder.helperEntryLengthInChar",
        "stripped_doc" : [
          "Length of each entry in char. Default to 20."
        ],
        "notes" : [

        ],
        "signature" : "RecursiveBinder.helperEntryLengthInChar",
        "type" : "Variable",
        "returns" : [

        ],
        "name" : "helperEntryLengthInChar",
        "parameters" : [

        ]
      },
      {
        "desc" : "format of helper, the helper is just a hs.alert",
        "doc" : "format of helper, the helper is just a hs.alert\ndefault to {atScreenEdge=2,\n            strokeColor={ white = 0, alpha = 2 },\n            textFont='SF Mono'\n            textSize=20}",
        "def" : "RecursiveBinder.helperFormat",
        "stripped_doc" : [
          "format of helper, the helper is just a hs.alert",
          "default to {atScreenEdge=2,",
          "            strokeColor={ white = 0, alpha = 2 },",
          "            textFont='SF Mono'",
          "            textSize=20}"
        ],
        "notes" : [

        ],
        "signature" : "RecursiveBinder.helperFormat",
        "type" : "Variable",
        "returns" : [

        ],
        "name" : "helperFormat",
        "parameters" : [

        ]
      },
      {
        "desc" : "The mapping used to display modifiers on helper.",
        "doc" : "The mapping used to display modifiers on helper.\nDefault to {\n command = '⌘',\n control = '⌃',\n option = '⌥',\n shift = '⇧',\n}",
        "def" : "RecursiveBinder.helperModifierMapping()",
        "stripped_doc" : [
          "The mapping used to display modifiers on helper.",
          "Default to {",
          " command = '⌘',",
          " control = '⌃',",
          " option = '⌥',",
          " shift = '⇧',",
          "}"
        ],
        "notes" : [

        ],
        "signature" : "RecursiveBinder.helperModifierMapping()",
        "type" : "Variable",
        "returns" : [

        ],
        "name" : "helperModifierMapping",
        "parameters" : [

        ]
      },
      {
        "desc" : "whether to show helper, can be true of false",
        "doc" : "whether to show helper, can be true of false",
        "def" : "RecursiveBinder.showBindHelper()",
        "stripped_doc" : [
          "whether to show helper, can be true of false"
        ],
        "notes" : [

        ],
        "signature" : "RecursiveBinder.showBindHelper()",
        "type" : "Variable",
        "returns" : [

        ],
        "name" : "showBindHelper",
        "parameters" : [

        ]
      },
      {
        "desc" : "Bind sequential keys by a nested keymap.",
        "doc" : "Bind sequential keys by a nested keymap.\n\nParameters:\n * keymap - A table that specifies the mapping.\n\nReturns:\n * A function to start. Bind it to a initial key binding.\n\nNote:\nSpec of keymap:\nEvery key is of format {{modifers}, key, (optional) description}\nThe first two element is what you usually pass into a hs.hotkey.bind() function.\n\nEach value of key can be in two form:\n1. A function. Then pressing the key invokes the function\n2. A table. Then pressing the key bring to another layer of keybindings.\n   And the table have the same format of top table: keys to keys, value to table or function",
        "def" : "RecursiveBinder.recursiveBind(keymap)",
        "stripped_doc" : [
          "Bind sequential keys by a nested keymap.",
          ""
        ],
        "notes" : [

        ],
        "signature" : "RecursiveBinder.recursiveBind(keymap)",
        "type" : "Method",
        "returns" : [
          " * A function to start. Bind it to a initial key binding.",
          "",
          "Note:",
          "Spec of keymap:",
          "Every key is of format {{modifers}, key, (optional) description}",
          "The first two element is what you usually pass into a hs.hotkey.bind() function.",
          "",
          "Each value of key can be in two form:",
          "1. A function. Then pressing the key invokes the function",
          "2. A table. Then pressing the key bring to another layer of keybindings.",
          "   And the table have the same format of top table: keys to keys, value to table or function"
        ],
        "name" : "recursiveBind",
        "parameters" : [
          " * keymap - A table that specifies the mapping.",
          ""
        ]
      },
      {
        "desc" : "this function simply return a table with empty modifiers",
        "doc" : "this function simply return a table with empty modifiers\nalso it translates capital letters to normal letter with shift modifer\n\nParameters:\n * key - a letter\n * name - the description to pass to the keys binding function\n\nReturns:\n * a table of modifiers and keys and names, ready to be used in keymap\n   to pass to RecursiveBinder.recursiveBind()",
        "def" : "RecursiveBinder.singleKey(key, name)",
        "stripped_doc" : [
          "this function simply return a table with empty modifiers",
          "also it translates capital letters to normal letter with shift modifer",
          ""
        ],
        "notes" : [

        ],
        "signature" : "RecursiveBinder.singleKey(key, name)",
        "type" : "Method",
        "returns" : [
          " * a table of modifiers and keys and names, ready to be used in keymap",
          "   to pass to RecursiveBinder.recursiveBind()"
        ],
        "name" : "singleKey",
        "parameters" : [
          " * key - a letter",
          " * name - the description to pass to the keys binding function",
          ""
        ]
      }
    ],
    "name" : "RecursiveBinder"
  }
]
